{"cameraMode":{"drawMode":0,"name":"Shaded","section":"Shading Mode"},"sceneLighting":true,"audioPlay":false,"sceneViewState":{"m_AlwaysRefresh":false,"showFog":true,"showSkybox":true,"showFlares":true,"showImageEffects":true,"showParticleSystems":true,"showVisualEffectGraphs":true,"m_FxEnabled":true},"in2DMode":false,"pivot":{"x":-2.9041080474853517,"y":-12.49156665802002,"z":29.617021560668947},"rotation":{"x":-0.2305707037448883,"y":0.03414212912321091,"z":-0.008098735474050045,"w":-0.9724266529083252},"size":26.22996711730957,"orthographic":false}