{"cameraMode":{"drawMode":0,"name":"Shaded","section":"Shading Mode"},"sceneLighting":true,"audioPlay":false,"sceneViewState":{"m_AlwaysRefresh":false,"showFog":true,"showSkybox":true,"showFlares":true,"showImageEffects":true,"showParticleSystems":true,"showVisualEffectGraphs":true,"m_FxEnabled":true},"in2DMode":false,"pivot":{"x":-5.236043930053711,"y":-9.698851585388184,"z":15.534150123596192},"rotation":{"x":-0.25316867232322695,"y":0.12035290151834488,"z":-0.03176989033818245,"w":-0.9594085812568665},"size":19.784000396728517,"orthographic":false}